batch_size,time
1,6.088494777679443
2,9.771795272827148
4,18.92881178855896
8,37.87648606300354
16,73.37890934944153
32,147.2804262638092
64,294.82707166671753
