batch_size,time
1,4.71928858757019
2,5.949375867843628
4,9.804787635803223
8,17.38143491744995
16,33.502357721328735
32,65.13249707221985
64,127.8705563545227
